airline,flight,source_city,departure_time,stops,arrival_time,destination_city,class,duration,days_left,price
GO_FIRST,G8-153,Delhi,Morning,one,Afternoon,Kolkata,Economy,4.67,21,5954
Air_India,AI-732,Kolkata,Afternoon,one,Morning,Chennai,Business,21.92,12,55087
Vistara,UK-774,Kolkata,Night,one,Morning,Chennai,Economy,15.25,1,26229
Air_India,AI-837,Delhi,Evening,one,Morning,Kolkata,Economy,13.75,6,11625
Indigo,6E-6433,Hyderabad,Night,one,Late_Night,Mumbai,Economy,4.5,23,3822
Air_India,AI-9547,Bangalore,Evening,one,Night,Hyderabad,Economy,26.08,34,5268
GO_FIRST,G8-211,Delhi,Morning,one,Night,Mumbai,Economy,11.33,25,5087
SpiceJet,SG-242,Kolkata,Morning,zero,Afternoon,Mumbai,Economy,2.75,1,20874
Air_India,AI-888,Mumbai,Evening,one,Morning,Hyderabad,Business,16.92,45,45693
Air_India,AI-773,Kolkata,Evening,zero,Night,Mumbai,Economy,2.83,41,3381
Vistara,UK-879,Delhi,Evening,zero,Evening,Hyderabad,Business,2.25,44,24056
Vistara,UK-866,Bangalore,Night,one,Night,Chennai,Economy,25.42,39,4672
Air_India,AI-698,Hyderabad,Night,one,Early_Morning,Chennai,Business,9.08,36,40843
Vistara,UK-815,Delhi,Morning,zero,Morning,Bangalore,Economy,2.75,4,7425
Air_India,AI-773,Kolkata,Evening,one,Morning,Delhi,Business,17.5,19,53743
Vistara,UK-814,Bangalore,Night,one,Evening,Kolkata,Business,22.42,15,69625
Indigo,6E-2373,Delhi,Afternoon,one,Evening,Bangalore,Economy,5.17,16,7089
Air_India,AI-888,Mumbai,Evening,one,Morning,Hyderabad,Economy,15.5,43,4173
Indigo,6E-841,Bangalore,Afternoon,one,Night,Mumbai,Economy,7.33,29,4554
Indigo,6E-7115,Kolkata,Evening,one,Night,Hyderabad,Economy,5.5,49,4367
Vistara,UK-880,Hyderabad,Afternoon,one,Night,Chennai,Economy,9.33,23,4359
Air_India,AI-538,Chennai,Night,one,Morning,Kolkata,Economy,12.67,44,4784
Air_India,AI-430,Chennai,Morning,one,Evening,Kolkata,Business,9.25,3,60426
SpiceJet,SG-8157,Delhi,Early_Morning,one,Night,Chennai,Economy,15,14,7425
GO_FIRST,G8-2513,Delhi,Afternoon,one,Night,Bangalore,Economy,6.5,45,4205
Indigo,6E-2249,Delhi,Early_Morning,one,Morning,Bangalore,Economy,5.08,27,6374
GO_FIRST,G8-805,Bangalore,Morning,one,Night,Kolkata,Economy,13.33,46,6276
Indigo,6E-2054,Delhi,Early_Morning,zero,Morning,Mumbai,Economy,2.17,21,2410
Vistara,UK-873,Mumbai,Early_Morning,one,Evening,Bangalore,Economy,13.17,44,4658
GO_FIRST,G8-2508,Mumbai,Night,one,Morning,Hyderabad,Economy,10.08,44,3916
Vistara,UK-858,Bangalore,Early_Morning,one,Evening,Delhi,Business,13.08,11,66937
Vistara,UK-720,Kolkata,Early_Morning,two_or_more,Evening,Bangalore,Economy,10.58,31,7763
Indigo,6E-165,Hyderabad,Late_Night,zero,Early_Morning,Kolkata,Economy,2.17,37,2395
Air_India,AI-669,Mumbai,Morning,one,Afternoon,Hyderabad,Business,24.42,37,37432
Air_India,AI-440,Chennai,Early_Morning,one,Night,Hyderabad,Business,17.42,33,51345
Vistara,UK-772,Kolkata,Morning,one,Late_Night,Delhi,Economy,13.75,6,14364
Vistara,UK-977,Delhi,Evening,one,Evening,Kolkata,Business,25,47,67769
Indigo,6E-6128,Kolkata,Early_Morning,one,Afternoon,Chennai,Economy,8.67,39,3015
Indigo,6E-6205,Delhi,Afternoon,one,Night,Chennai,Economy,7.17,6,7950
Indigo,6E-6007,Hyderabad,Night,one,Early_Morning,Bangalore,Economy,7.08,44,1755
Vistara,UK-651,Mumbai,Evening,one,Evening,Kolkata,Economy,27.5,14,14763
Air_India,AI-523,Bangalore,Early_Morning,one,Early_Morning,Delhi,Economy,21.92,32,4806
Indigo,6E-358,Delhi,Morning,one,Evening,Hyderabad,Economy,7.75,4,10155
Vistara,UK-940,Mumbai,Evening,one,Evening,Hyderabad,Business,24.17,8,68317
Vistara,UK-613,Mumbai,Afternoon,two_or_more,Evening,Kolkata,Business,7.33,20,66671
SpiceJet,SG-4010,Chennai,Morning,one,Evening,Hyderabad,Economy,10.17,14,4202
Vistara,UK-988,Mumbai,Night,zero,Night,Delhi,Business,2.08,37,34460
Indigo,6E-531,Hyderabad,Early_Morning,one,Afternoon,Bangalore,Economy,9.08,25,2737
Indigo,6E-2247,Delhi,Morning,zero,Afternoon,Hyderabad,Economy,2.17,41,3013
Vistara,UK-824,Chennai,Night,one,Morning,Delhi,Economy,14.5,21,5606
Vistara,UK-822,Chennai,Morning,one,Night,Delhi,Economy,12.67,16,8803
GO_FIRST,G8-422,Delhi,Evening,zero,Night,Hyderabad,Economy,2.25,23,2098
Vistara,UK-814,Bangalore,Night,one,Early_Morning,Mumbai,Economy,10.75,33,6568
Vistara,UK-852,Bangalore,Morning,one,Evening,Kolkata,Economy,10.42,1,21297
Indigo,6E-2062,Chennai,Evening,one,Night,Kolkata,Economy,7.08,22,5042
AirAsia,I5-517,Chennai,Morning,two_or_more,Late_Night,Delhi,Economy,17,39,2477
Air_India,AI-764,Delhi,Evening,one,Night,Bangalore,Economy,27.92,1,22545
Air_India,AI-676,Kolkata,Morning,zero,Afternoon,Mumbai,Economy,2.75,26,4253
GO_FIRST,G8-509,Hyderabad,Early_Morning,one,Evening,Kolkata,Economy,11.25,14,5292
AirAsia,I5-792,Delhi,Afternoon,two_or_more,Night,Bangalore,Economy,10.92,45,4469
Vistara,UK-877,Mumbai,Morning,two_or_more,Night,Chennai,Economy,9.5,43,7241
Vistara,UK-951,Delhi,Afternoon,one,Night,Bangalore,Economy,6.58,37,4496
Vistara,UK-802,Bangalore,Evening,one,Evening,Hyderabad,Economy,25.08,9,12544
Vistara,UK-830,Hyderabad,Morning,one,Evening,Kolkata,Business,9.25,41,53499
Vistara,UK-854,Bangalore,Evening,one,Morning,Chennai,Business,14.42,29,44280
Air_India,AI-559,Hyderabad,Early_Morning,one,Evening,Mumbai,Economy,11.5,43,4363
Air_India,AI-619,Mumbai,Night,zero,Night,Hyderabad,Economy,1.33,21,2111
Air_India,AI-9517,Bangalore,Evening,one,Night,Mumbai,Economy,5.08,31,4024
Indigo,6E-847,Chennai,Evening,one,Night,Delhi,Economy,5.67,10,7877
Vistara,UK-902,Mumbai,Afternoon,one,Night,Hyderabad,Business,7.17,8,58125
AirAsia,I5-829,Delhi,Night,zero,Night,Kolkata,Economy,2.17,33,3999
Indigo,6E-5038,Chennai,Morning,zero,Morning,Delhi,Economy,2.92,48,3275
Air_India,AI-770,Kolkata,Night,one,Morning,Mumbai,Business,14.75,21,50271
Indigo,6E-958,Kolkata,Afternoon,zero,Evening,Bangalore,Economy,2.75,34,4022
Indigo,6E-152,Delhi,Morning,one,Evening,Mumbai,Economy,7.67,31,3631
Indigo,6E-6066,Hyderabad,Morning,one,Evening,Chennai,Economy,10,32,1543
GO_FIRST,G8-227,Kolkata,Early_Morning,one,Evening,Mumbai,Economy,10.58,17,6268
Vistara,UK-963,Delhi,Morning,one,Evening,Kolkata,Economy,8,33,6578
Air_India,AI-768,Kolkata,Afternoon,one,Night,Mumbai,Business,5.75,16,50271
Air_India,AI-570,Mumbai,Early_Morning,one,Afternoon,Kolkata,Economy,8.58,28,6085
AirAsia,I5-330,Mumbai,Night,one,Afternoon,Bangalore,Economy,13.5,38,2074
Air_India,AI-660,Mumbai,Evening,zero,Night,Delhi,Business,2.42,33,22140
Vistara,UK-986,Mumbai,Night,one,Night,Chennai,Economy,21.5,11,11129
Vistara,UK-878,Hyderabad,Afternoon,one,Night,Kolkata,Economy,9.83,13,13954
Vistara,UK-902,Mumbai,Afternoon,one,Night,Chennai,Business,7,15,61933
Air_India,AI-506,Delhi,Morning,one,Morning,Mumbai,Business,22.83,35,53164
AirAsia,I5-547,Kolkata,Evening,one,Afternoon,Bangalore,Economy,16.42,23,3862
SpiceJet,SG-8903,Delhi,Morning,one,Afternoon,Kolkata,Economy,4.92,20,9510
Indigo,6E-417,Kolkata,Afternoon,one,Evening,Hyderabad,Economy,4.5,43,3401
Vistara,UK-977,Delhi,Evening,one,Evening,Kolkata,Economy,21.83,15,8744
Vistara,UK-854,Bangalore,Evening,one,Morning,Kolkata,Economy,15.25,48,6271
GO_FIRST,G8-7541,Delhi,Early_Morning,one,Afternoon,Hyderabad,Economy,5.33,23,5954
Indigo,6E-6965,Kolkata,Afternoon,zero,Evening,Mumbai,Economy,3,42,4499
Vistara,UK-898,Hyderabad,Early_Morning,zero,Morning,Bangalore,Economy,1.17,46,1776
AirAsia,I5-713,Delhi,Evening,two_or_more,Late_Night,Bangalore,Economy,8.75,15,3090
Vistara,UK-836,Chennai,Morning,one,Evening,Mumbai,Business,5.75,33,49553
Air_India,AI-765,Kolkata,Night,one,Evening,Mumbai,Economy,21.25,34,7006
AirAsia,I5-2991,Kolkata,Night,one,Morning,Hyderabad,Economy,11.17,14,6487
Vistara,UK-822,Chennai,Morning,one,Evening,Delhi,Economy,7.17,16,5206
Air_India,AI-763,Kolkata,Early_Morning,one,Night,Mumbai,Economy,40.42,22,7732
AirAsia,I5-764,Delhi,Early_Morning,one,Afternoon,Bangalore,Economy,10.33,4,7423
GO_FIRST,G8-329,Mumbai,Early_Morning,one,Night,Kolkata,Economy,15.75,21,5817
Vistara,UK-995,Delhi,Morning,one,Night,Chennai,Business,12.75,46,57992
Air_India,AI-440,Chennai,Early_Morning,one,Night,Mumbai,Business,15.08,2,56943
Vistara,UK-820,Bangalore,Evening,zero,Night,Delhi,Business,2.67,22,32923
Vistara,UK-836,Chennai,Morning,one,Night,Bangalore,Business,9.67,35,60260
Vistara,UK-951,Delhi,Afternoon,one,Night,Hyderabad,Business,6.58,34,39377
GO_FIRST,G8-510,Bangalore,Early_Morning,one,Evening,Chennai,Economy,9.67,15,8625
GO_FIRST,G8-2401,Delhi,Morning,one,Evening,Mumbai,Economy,8,27,7508
Indigo,6E-398,Delhi,Afternoon,one,Night,Kolkata,Economy,6.33,19,5724
Air_India,AI-9517,Bangalore,Evening,one,Early_Morning,Mumbai,Economy,12.33,45,3709
Vistara,UK-852,Bangalore,Morning,one,Morning,Kolkata,Business,24.17,47,51817
Vistara,UK-940,Mumbai,Evening,one,Evening,Kolkata,Economy,22.33,7,11664
Air_India,AI-672,Chennai,Afternoon,one,Early_Morning,Hyderabad,Business,16.33,41,40593
Vistara,UK-810,Bangalore,Early_Morning,one,Evening,Mumbai,Economy,9.5,33,6568
Vistara,UK-810,Bangalore,Early_Morning,one,Night,Mumbai,Business,15,25,74844
Vistara,UK-876,Hyderabad,Night,one,Night,Bangalore,Business,23.33,19,38099
Air_India,AI-809,Mumbai,Morning,one,Evening,Bangalore,Business,6.25,28,54608
GO_FIRST,G8-803,Bangalore,Evening,one,Late_Night,Mumbai,Economy,7.17,20,5177
Vistara,UK-874,Hyderabad,Morning,one,Morning,Kolkata,Economy,25.17,23,7767
Vistara,UK-812,Bangalore,Morning,one,Evening,Mumbai,Business,6.75,44,54684
Vistara,UK-876,Hyderabad,Night,one,Evening,Kolkata,Economy,22.33,5,11676
Air_India,AI-671,Chennai,Morning,one,Evening,Delhi,Economy,5.67,30,7291
Air_India,AI-698,Hyderabad,Night,one,Evening,Bangalore,Economy,20.25,37,4054
GO_FIRST,G8-812,Bangalore,Night,one,Morning,Hyderabad,Economy,11.75,17,4337
AirAsia,I5-1564,Bangalore,Early_Morning,one,Evening,Kolkata,Economy,12.83,3,5176
Vistara,UK-970,Mumbai,Morning,one,Night,Bangalore,Economy,13.92,19,6450
AirAsia,I5-588,Kolkata,Afternoon,zero,Evening,Bangalore,Economy,2.75,31,3862
GO_FIRST,G8-575,Mumbai,Early_Morning,one,Afternoon,Bangalore,Economy,10.25,5,5102
Vistara,UK-878,Hyderabad,Afternoon,one,Evening,Chennai,Business,7,29,41314
Air_India,AI-610,Bangalore,Evening,one,Morning,Delhi,Business,14,8,42521
GO_FIRST,G8-7560,Kolkata,Afternoon,one,Late_Night,Delhi,Economy,10.33,14,13419
GO_FIRST,G8-285,Bangalore,Afternoon,one,Night,Delhi,Economy,4.58,24,14922
Vistara,UK-808,Bangalore,Early_Morning,one,Afternoon,Mumbai,Economy,6,13,11205
Vistara,UK-877,Mumbai,Morning,two_or_more,Night,Chennai,Economy,9.5,11,15192
Vistara,UK-776,Kolkata,Evening,one,Evening,Bangalore,Economy,25.67,30,6458
Indigo,6E-881,Chennai,Afternoon,one,Night,Bangalore,Economy,6.75,42,4204
AirAsia,I5-792,Delhi,Afternoon,one,Late_Night,Bangalore,Economy,11.58,4,16210
Air_India,AI-766,Chennai,Morning,one,Evening,Delhi,Business,6.67,33,47585
GO_FIRST,G8-625,Hyderabad,Morning,zero,Afternoon,Kolkata,Economy,1.92,29,2393
Vistara,UK-828,Chennai,Early_Morning,one,Evening,Delhi,Economy,12.75,38,5606
Vistara,UK-852,Bangalore,Morning,one,Night,Delhi,Business,13.5,8,54841
Indigo,6E-6463,Mumbai,Early_Morning,zero,Morning,Bangalore,Economy,1.58,3,5471
Indigo,6E-897,Bangalore,Morning,one,Night,Kolkata,Economy,10.17,14,22766
Vistara,UK-953,Delhi,Night,one,Morning,Bangalore,Economy,12.17,34,4272
Vistara,UK-902,Mumbai,Afternoon,one,Night,Hyderabad,Economy,7.17,35,4414
Vistara,UK-772,Kolkata,Morning,one,Night,Delhi,Economy,12,10,20808
AirAsia,I5-741,Bangalore,Morning,zero,Afternoon,Delhi,Economy,2.75,48,4498
Vistara,UK-958,Mumbai,Afternoon,one,Evening,Hyderabad,Business,7.5,26,53757
Vistara,UK-822,Chennai,Morning,one,Evening,Hyderabad,Business,10.17,23,69265
Vistara,UK-953,Delhi,Night,one,Morning,Chennai,Business,15.17,48,45672
SpiceJet,SG-612,Chennai,Night,zero,Night,Mumbai,Economy,2,19,3150
Air_India,AI-505,Bangalore,Morning,one,Night,Chennai,Economy,13.17,11,14944
Indigo,6E-811,Kolkata,Morning,one,Evening,Delhi,Economy,7.08,24,6489
Vistara,UK-852,Bangalore,Morning,one,Afternoon,Delhi,Economy,5,38,4111
Indigo,6E-6257,Bangalore,Early_Morning,one,Evening,Delhi,Economy,10,29,3788
SpiceJet,SG-5013,Bangalore,Night,zero,Late_Night,Delhi,Economy,2.67,15,4756
Vistara,UK-659,Hyderabad,Morning,one,Evening,Bangalore,Economy,7.25,8,17683
GO_FIRST,G8-509,Hyderabad,Early_Morning,zero,Early_Morning,Bangalore,Economy,1,12,4452
Indigo,6E-6891,Kolkata,Morning,one,Evening,Delhi,Economy,7.42,21,6489
Air_India,AI-636,Delhi,Afternoon,one,Evening,Bangalore,Business,28,12,42457
Vistara,UK-970,Mumbai,Morning,one,Night,Bangalore,Economy,14.58,20,6450
GO_FIRST,G8-808,Bangalore,Afternoon,one,Night,Kolkata,Economy,6.67,46,4201
Vistara,UK-875,Mumbai,Evening,zero,Night,Hyderabad,Business,1.58,4,17604
Air_India,AI-483,Delhi,Evening,one,Night,Kolkata,Economy,27.58,23,7522
GO_FIRST,G8-227,Kolkata,Early_Morning,zero,Morning,Delhi,Economy,2.33,49,3999
Air_India,AI-543,Hyderabad,Morning,one,Night,Mumbai,Economy,11.83,48,4363
Air_India,AI-545,Chennai,Night,one,Evening,Delhi,Business,21.83,48,38554
Vistara,UK-810,Bangalore,Early_Morning,one,Night,Mumbai,Business,15.83,2,77017
Air_India,AI-767,Delhi,Afternoon,one,Night,Mumbai,Business,7.92,43,59033
Air_India,AI-808,Bangalore,Night,one,Evening,Kolkata,Business,22.17,31,60508
Vistara,UK-778,Kolkata,Afternoon,one,Night,Mumbai,Business,8.5,40,62591
SpiceJet,SG-191,Delhi,Early_Morning,one,Early_Morning,Chennai,Economy,26.33,38,5550
Air_India,AI-766,Chennai,Early_Morning,zero,Morning,Kolkata,Economy,2.58,4,5358
Vistara,UK-826,Chennai,Afternoon,one,Evening,Kolkata,Economy,7.42,5,11069
GO_FIRST,G8-119,Delhi,Evening,zero,Night,Bangalore,Economy,2.75,33,4501
Vistara,UK-850,Bangalore,Evening,one,Night,Hyderabad,Business,25,5,37985
Vistara,UK-809,Delhi,Evening,one,Morning,Mumbai,Business,12.42,45,53164
GO_FIRST,G8-1010,Delhi,Afternoon,one,Evening,Mumbai,Economy,5.83,27,5954
Indigo,6E-6217,Chennai,Night,one,Early_Morning,Kolkata,Economy,9.17,31,2359
Vistara,UK-955,Delhi,Evening,one,Early_Morning,Hyderabad,Economy,14.08,24,6172
Vistara,UK-802,Bangalore,Evening,one,Early_Morning,Mumbai,Economy,13.08,15,9555
Indigo,6E-944,Hyderabad,Night,zero,Night,Kolkata,Economy,2.08,16,3298
Air_India,AI-640,Bangalore,Early_Morning,zero,Morning,Mumbai,Economy,1.83,37,2208
Vistara,UK-960,Mumbai,Morning,one,Evening,Hyderabad,Business,8,8,58125
Air_India,AI-573,Bangalore,Afternoon,one,Night,Delhi,Economy,8.25,33,7682
Indigo,6E-855,Bangalore,Night,zero,Night,Hyderabad,Economy,1.25,29,2343
Air_India,AI-538,Chennai,Night,one,Morning,Hyderabad,Business,14.17,27,51345
GO_FIRST,G8-2401,Delhi,Morning,one,Evening,Mumbai,Economy,8,16,7601
Indigo,6E-537,Bangalore,Morning,one,Evening,Mumbai,Economy,6.33,48,3971
Air_India,AI-559,Hyderabad,Early_Morning,one,Night,Mumbai,Business,14.92,46,45883
Vistara,UK-708,Kolkata,Night,one,Afternoon,Mumbai,Economy,18.58,42,6067
Vistara,UK-776,Kolkata,Evening,one,Night,Hyderabad,Economy,27.33,8,12880
GO_FIRST,G8-530,Delhi,Early_Morning,zero,Morning,Mumbai,Economy,2.08,49,2410
Vistara,UK-720,Kolkata,Early_Morning,one,Night,Chennai,Economy,15.58,28,5910
Air_India,AI-687,Mumbai,Afternoon,one,Night,Kolkata,Business,6.33,42,49725
Air_India,AI-636,Delhi,Afternoon,one,Night,Hyderabad,Economy,7.08,13,10155
Vistara,UK-985,Delhi,Evening,one,Morning,Chennai,Business,16,46,65832
Indigo,6E-893,Kolkata,Morning,one,Night,Chennai,Economy,11,42,3015
Air_India,AI-439,Delhi,Early_Morning,one,Evening,Mumbai,Economy,11,32,3855
Air_India,AI-840,Hyderabad,Night,one,Evening,Chennai,Economy,22.17,28,4229
Vistara,UK-860,Hyderabad,Early_Morning,one,Night,Bangalore,Economy,16.5,35,6776
Air_India,AI-541,Hyderabad,Evening,one,Morning,Mumbai,Economy,16.83,11,7774
Air_India,AI-665,Delhi,Early_Morning,one,Early_Morning,Chennai,Economy,23.25,44,3988
Vistara,UK-829,Delhi,Early_Morning,one,Evening,Bangalore,Economy,10.25,35,7023
Indigo,6E-5389,Bangalore,Evening,zero,Evening,Mumbai,Economy,1.83,7,5283
Vistara,UK-832,Chennai,Early_Morning,one,Evening,Bangalore,Business,10.08,24,60260
Vistara,UK-814,Bangalore,Night,zero,Night,Delhi,Economy,2.58,46,4502
Vistara,UK-930,Mumbai,Early_Morning,one,Afternoon,Hyderabad,Business,5.08,18,60365
Indigo,6E-912,Delhi,Evening,zero,Evening,Kolkata,Economy,2.17,46,3999
Indigo,6E-6721,Mumbai,Early_Morning,zero,Morning,Delhi,Economy,2.08,32,2339
Vistara,UK-838,Chennai,Night,one,Evening,Bangalore,Business,21.75,9,60260
Vistara,UK-866,Bangalore,Night,one,Morning,Delhi,Economy,13.33,16,4111
Vistara,UK-854,Bangalore,Evening,one,Morning,Delhi,Business,16.58,25,57081
GO_FIRST,G8-330,Delhi,Night,one,Early_Morning,Bangalore,Economy,10.67,7,7424
GO_FIRST,G8-519,Kolkata,Evening,one,Late_Night,Delhi,Economy,8.5,20,6324
Vistara,UK-707,Delhi,Evening,zero,Evening,Kolkata,Economy,2.08,39,4000
Air_India,AI-539,Chennai,Evening,one,Night,Hyderabad,Business,6.58,12,63441
GO_FIRST,G8-285,Bangalore,Afternoon,one,Evening,Mumbai,Economy,3.92,41,4236
Vistara,UK-738,Kolkata,Evening,one,Night,Chennai,Business,25.5,31,55983
Air_India,AI-840,Hyderabad,Night,one,Evening,Kolkata,Business,22.33,25,51707
Vistara,UK-818,Bangalore,Evening,one,Morning,Hyderabad,Business,14,19,63163
Indigo,6E-358,Delhi,Morning,one,Evening,Kolkata,Economy,10.58,5,7420
Indigo,6E-457,Bangalore,Early_Morning,two_or_more,Afternoon,Kolkata,Economy,7.75,4,20781
Air_India,AI-804,Bangalore,Early_Morning,one,Night,Chennai,Economy,17.42,14,15889
Air_India,AI-539,Chennai,Evening,one,Morning,Bangalore,Economy,15.92,45,6203
AirAsia,I5-336,Mumbai,Night,one,Late_Night,Delhi,Economy,7.17,35,2336
Air_India,AI-505,Bangalore,Morning,one,Afternoon,Kolkata,Economy,25.75,27,8107
SpiceJet,SG-517,Hyderabad,Evening,zero,Night,Kolkata,Economy,1.75,7,5292
AirAsia,I5-423,Mumbai,Afternoon,one,Late_Night,Bangalore,Economy,9.5,28,2074
Air_India,AI-430,Chennai,Morning,one,Evening,Kolkata,Economy,9.25,2,21948
Indigo,6E-6172,Kolkata,Night,one,Early_Morning,Chennai,Economy,6.58,13,6489
Indigo,6E-6021,Kolkata,Afternoon,one,Late_Night,Bangalore,Economy,11.17,19,4784
Air_India,AI-441,Delhi,Evening,one,Morning,Kolkata,Economy,15,11,12990
Vistara,UK-860,Hyderabad,Early_Morning,one,Afternoon,Mumbai,Economy,7.17,29,4975
GO_FIRST,G8-116,Bangalore,Early_Morning,one,Night,Kolkata,Economy,14.42,23,5177
Vistara,UK-970,Mumbai,Morning,one,Night,Bangalore,Business,13.92,38,69168
Air_India,AI-774,Mumbai,Night,zero,Night,Kolkata,Business,2.75,31,31436
Vistara,UK-902,Mumbai,Afternoon,one,Night,Chennai,Economy,7,22,4249
Air_India,AI-538,Chennai,Night,one,Morning,Mumbai,Business,14.92,21,61649
Air_India,AI-516,Bangalore,Early_Morning,one,Evening,Delhi,Economy,10.92,11,9904
Vistara,UK-815,Delhi,Morning,one,Night,Mumbai,Business,12.67,16,53164
GO_FIRST,G8-123,Hyderabad,Early_Morning,zero,Early_Morning,Kolkata,Economy,1.83,5,8442
Vistara,UK-870,Hyderabad,Night,one,Evening,Chennai,Economy,19.75,42,4674
GO_FIRST,G8-285,Bangalore,Afternoon,one,Night,Hyderabad,Economy,7.58,33,4366
Air_India,AI-9547,Bangalore,Evening,two_or_more,Early_Morning,Chennai,Economy,37,26,8644
Air_India,AI-503,Bangalore,Evening,one,Evening,Mumbai,Business,24.42,46,54684
Vistara,UK-826,Chennai,Afternoon,one,Night,Kolkata,Economy,10.25,37,9216
Air_India,AI-766,Chennai,Morning,one,Night,Delhi,Economy,12.67,20,6342
GO_FIRST,G8-532,Kolkata,Morning,one,Evening,Delhi,Economy,8.92,27,6294
Air_India,AI-864,Mumbai,Early_Morning,one,Late_Night,Bangalore,Economy,17.17,40,6502
Vistara,UK-836,Chennai,Morning,one,Night,Bangalore,Economy,12.58,15,13746
Vistara,UK-706,Delhi,Afternoon,one,Morning,Mumbai,Business,21.83,18,36577
Indigo,6E-6021,Kolkata,Afternoon,one,Night,Bangalore,Economy,6.83,15,6489
Air_India,AI-543,Hyderabad,Morning,one,Morning,Kolkata,Business,23.25,46,51707
Vistara,UK-810,Bangalore,Early_Morning,one,Night,Kolkata,Business,15.75,12,60508
Air_India,AI-808,Bangalore,Night,one,Evening,Kolkata,Economy,22.17,36,6583
Vistara,UK-850,Bangalore,Evening,one,Evening,Kolkata,Business,21,47,51817
AirAsia,I5-974,Hyderabad,Night,zero,Night,Bangalore,Economy,0.92,48,1776
AirAsia,I5-798,Delhi,Afternoon,two_or_more,Night,Bangalore,Economy,8.25,22,5220
GO_FIRST,G8-125,Kolkata,Evening,one,Early_Morning,Bangalore,Economy,10.25,28,3542
Air_India,AI-773,Kolkata,Evening,zero,Night,Mumbai,Business,3.58,46,31982
Vistara,UK-772,Kolkata,Morning,one,Night,Hyderabad,Business,12.5,40,89729
AirAsia,I5-547,Kolkata,Evening,one,Morning,Bangalore,Economy,14.67,25,3862
Vistara,UK-830,Hyderabad,Morning,one,Evening,Kolkata,Economy,9.25,11,10783
Air_India,AI-888,Mumbai,Evening,one,Afternoon,Chennai,Economy,17.67,17,4732
Vistara,UK-774,Kolkata,Night,one,Morning,Bangalore,Business,14.17,8,52287
Air_India,AI-805,Delhi,Evening,zero,Night,Mumbai,Economy,2.17,37,2476
Vistara,UK-963,Delhi,Morning,one,Early_Morning,Hyderabad,Economy,23,49,5228
Air_India,AI-635,Mumbai,Early_Morning,one,Early_Morning,Chennai,Economy,24.92,36,5380
Vistara,UK-955,Delhi,Evening,one,Evening,Kolkata,Economy,23.08,25,7221
Vistara,UK-975,Delhi,Early_Morning,one,Night,Bangalore,Business,15.17,26,54777
Vistara,UK-874,Hyderabad,Morning,one,Evening,Bangalore,Business,10.75,6,43811
GO_FIRST,G8-351,Mumbai,Morning,one,Evening,Delhi,Economy,9.5,22,5569
Air_India,AI-773,Kolkata,Evening,one,Morning,Delhi,Business,15.92,16,53743
AirAsia,I5-1321,Bangalore,Evening,one,Late_Night,Delhi,Economy,7.67,11,7484
Vistara,UK-878,Hyderabad,Afternoon,one,Night,Delhi,Economy,10.08,9,10018
AirAsia,I5-818,Bangalore,Early_Morning,one,Evening,Hyderabad,Economy,13.83,36,3105
Vistara,UK-826,Chennai,Afternoon,one,Evening,Kolkata,Economy,31.08,33,14702
Vistara,UK-774,Kolkata,Night,one,Evening,Delhi,Business,20.33,8,66063
Indigo,6E-825,Mumbai,Night,zero,Late_Night,Bangalore,Economy,1.75,45,2124
Air_India,AI-9894,Chennai,Morning,one,Morning,Delhi,Economy,24.5,7,10188
Vistara,UK-822,Chennai,Morning,one,Evening,Bangalore,Economy,9.5,14,9105
Air_India,AI-623,Mumbai,Night,one,Morning,Kolkata,Economy,10.83,46,3623
Air_India,AI-565,Bangalore,Afternoon,one,Night,Delhi,Economy,7.75,17,5163
GO_FIRST,G8-393,Kolkata,Night,one,Afternoon,Bangalore,Economy,15,2,6488
Vistara,UK-846,Bangalore,Morning,one,Night,Delhi,Business,13.42,39,57081
Air_India,AI-401,Delhi,Early_Morning,zero,Morning,Kolkata,Business,2.17,45,27976
SpiceJet,SG-1032,Chennai,Early_Morning,zero,Morning,Bangalore,Economy,1.33,14,3361
Vistara,UK-940,Mumbai,Evening,one,Morning,Bangalore,Economy,15.08,31,6450
Vistara,UK-945,Delhi,Morning,one,Morning,Kolkata,Business,22,24,59929
Vistara,UK-878,Hyderabad,Afternoon,one,Morning,Chennai,Business,22.92,26,41314
SpiceJet,SG-5093,Bangalore,Evening,zero,Evening,Hyderabad,Economy,1.08,5,4338
SpiceJet,SG-387,Kolkata,Night,one,Night,Mumbai,Economy,26.17,3,7958
Vistara,UK-993,Delhi,Afternoon,one,Evening,Kolkata,Economy,7.08,25,6578
Vistara,UK-878,Hyderabad,Afternoon,one,Night,Delhi,Economy,9,4,10018
Indigo,6E-5002,Chennai,Morning,one,Evening,Kolkata,Economy,8.5,10,8696
Air_India,AI-9893,Hyderabad,Early_Morning,one,Afternoon,Delhi,Economy,6.5,28,3729
Vistara,UK-993,Delhi,Afternoon,one,Night,Hyderabad,Economy,8.08,32,5772
Vistara,UK-738,Kolkata,Evening,one,Evening,Hyderabad,Business,22.25,24,70095
Air_India,AI-503,Bangalore,Evening,one,Morning,Mumbai,Economy,16.83,5,9277
Air_India,AI-539,Chennai,Evening,one,Late_Night,Bangalore,Economy,7.17,14,16593
Indigo,6E-2516,Kolkata,Evening,zero,Evening,Delhi,Economy,2.5,28,3999
Vistara,UK-857,Mumbai,Night,one,Morning,Hyderabad,Economy,12.08,18,3334
Air_India,AI-538,Chennai,Night,one,Afternoon,Bangalore,Economy,16.17,3,19533
Air_India,AI-501,Bangalore,Afternoon,one,Night,Hyderabad,Business,10.25,10,56476
Vistara,UK-830,Hyderabad,Morning,one,Night,Mumbai,Economy,9.75,20,5060
Air_India,AI-804,Bangalore,Early_Morning,one,Evening,Chennai,Economy,12.83,31,6759
Indigo,6E-6205,Delhi,Afternoon,one,Night,Chennai,Economy,9.17,20,3266
Indigo,6E-6238,Delhi,Morning,one,Afternoon,Kolkata,Economy,7,16,14744
Air_India,AI-505,Bangalore,Morning,one,Night,Mumbai,Economy,11.17,22,6158
Air_India,AI-765,Kolkata,Night,one,Morning,Delhi,Economy,12.08,20,7544
Indigo,6E-917,Chennai,Afternoon,one,Night,Delhi,Economy,5.08,31,2051
Air_India,AI-678,Delhi,Morning,one,Early_Morning,Chennai,Economy,22.33,27,4251
Vistara,UK-902,Mumbai,Afternoon,one,Morning,Kolkata,Business,17.83,26,62045
Air_India,AI-809,Mumbai,Morning,one,Early_Morning,Chennai,Economy,22,24,6297
Vistara,UK-836,Chennai,Morning,zero,Afternoon,Delhi,Business,2.75,22,27792
Vistara,UK-655,Mumbai,Morning,one,Evening,Delhi,Business,5.25,38,45550
Vistara,UK-810,Bangalore,Early_Morning,one,Afternoon,Hyderabad,Business,5.58,18,56588
Indigo,6E-193,Chennai,Evening,one,Late_Night,Delhi,Economy,5.42,16,4991
GO_FIRST,G8-116,Bangalore,Early_Morning,one,Evening,Mumbai,Economy,10.25,13,5177
Air_India,AI-9501,Bangalore,Early_Morning,one,Night,Hyderabad,Economy,12.92,37,5012
Air_India,AI-526,Kolkata,Evening,zero,Night,Hyderabad,Business,2.25,48,20356
Air_India,AI-864,Mumbai,Early_Morning,one,Early_Morning,Chennai,Economy,25,25,5380
Air_India,AI-610,Bangalore,Evening,one,Night,Hyderabad,Business,25.58,47,37929
Vistara,UK-657,Bangalore,Morning,two_or_more,Night,Kolkata,Economy,11.25,47,9017
Air_India,AI-631,Mumbai,Evening,one,Afternoon,Delhi,Economy,20.58,34,4149
Vistara,UK-963,Delhi,Morning,one,Evening,Kolkata,Business,11.08,11,67769
AirAsia,I5-744,Delhi,Morning,one,Night,Chennai,Economy,12,28,1998
Vistara,UK-613,Mumbai,Afternoon,one,Evening,Delhi,Economy,4.5,19,7865
Vistara,UK-772,Kolkata,Morning,one,Evening,Hyderabad,Business,9.5,8,97681
Vistara,UK-814,Bangalore,Night,one,Evening,Hyderabad,Economy,19.83,11,11205
Indigo,6E-895,Kolkata,Evening,one,Night,Delhi,Economy,4.58,38,4753
Vistara,UK-824,Chennai,Night,one,Morning,Delhi,Economy,11.58,27,4971
GO_FIRST,G8-7549,Delhi,Afternoon,one,Late_Night,Chennai,Economy,9.25,26,3869
Vistara,UK-860,Hyderabad,Early_Morning,one,Night,Mumbai,Economy,16,28,4731
Air_India,AI-683,Mumbai,Night,one,Evening,Delhi,Business,19.75,37,47205
Indigo,6E-2026,Delhi,Morning,one,Afternoon,Chennai,Economy,7.58,40,3996
Indigo,6E-514,Hyderabad,Afternoon,one,Night,Kolkata,Economy,8.42,3,9404
Air_India,AI-768,Kolkata,Afternoon,one,Night,Mumbai,Economy,5.75,35,5102
Air_India,AI-672,Chennai,Afternoon,one,Morning,Delhi,Economy,18.25,29,4179
Indigo,6E-139,Kolkata,Early_Morning,one,Afternoon,Hyderabad,Economy,6.58,40,3401
Indigo,6E-2001,Delhi,Afternoon,one,Night,Kolkata,Economy,5.33,6,7420
Air_India,AI-9885,Hyderabad,Morning,one,Night,Kolkata,Economy,9.33,39,7563
GO_FIRST,G8-791,Bangalore,Evening,one,Early_Morning,Mumbai,Economy,11.75,28,5177
Indigo,6E-893,Kolkata,Morning,one,Evening,Bangalore,Economy,10.5,41,3831
Air_India,AI-401,Delhi,Early_Morning,one,Late_Night,Bangalore,Business,19,31,52522
GO_FIRST,G8-364,Mumbai,Evening,one,Morning,Kolkata,Economy,13.42,23,7304
GO_FIRST,G8-7541,Delhi,Early_Morning,one,Afternoon,Mumbai,Economy,6.08,19,5584
Air_India,AI-763,Kolkata,Early_Morning,two_or_more,Night,Mumbai,Economy,15.17,6,12054
GO_FIRST,G8-383,Mumbai,Afternoon,zero,Evening,Bangalore,Economy,1.58,6,5102
Vistara,UK-898,Hyderabad,Early_Morning,one,Night,Delhi,Economy,12.83,19,5823
Vistara,UK-822,Chennai,Morning,one,Evening,Delhi,Business,7.17,31,57920
Vistara,UK-824,Chennai,Night,one,Early_Morning,Hyderabad,Business,11.33,13,41064
Vistara,UK-988,Mumbai,Night,zero,Night,Delhi,Economy,2.08,15,2339
GO_FIRST,G8-519,Kolkata,Evening,zero,Night,Mumbai,Economy,2.83,28,4499
Indigo,6E-6006,Chennai,Afternoon,one,Night,Mumbai,Economy,5,46,1830
Air_India,AI-635,Mumbai,Early_Morning,one,Night,Kolkata,Economy,15.25,28,4977
Air_India,AI-763,Kolkata,Early_Morning,one,Night,Chennai,Business,16.58,17,55983
Vistara,UK-706,Kolkata,Morning,one,Evening,Mumbai,Business,8.08,23,72201
Air_India,AI-402,Kolkata,Morning,one,Afternoon,Chennai,Business,26.25,2,61032
Air_India,AI-770,Kolkata,Night,one,Morning,Mumbai,Business,14.75,15,50271
Air_India,AI-729,Kolkata,Morning,two_or_more,Night,Chennai,Economy,13.75,35,7046
Vistara,UK-943,Delhi,Early_Morning,one,Night,Chennai,Economy,15.58,27,5622
Air_India,AI-9809,Delhi,Afternoon,one,Night,Bangalore,Economy,8.5,12,12150
Indigo,6E-6234,Mumbai,Afternoon,one,Evening,Delhi,Economy,3.83,42,2339
Vistara,UK-826,Chennai,Afternoon,one,Evening,Bangalore,Business,6.75,32,44144
Air_India,AI-808,Bangalore,Night,one,Morning,Hyderabad,Economy,14.92,21,6200
Vistara,UK-940,Mumbai,Evening,one,Night,Chennai,Business,24.5,47,72125
Vistara,UK-834,Chennai,Evening,one,Afternoon,Hyderabad,Economy,19.17,47,3810
Air_India,AI-687,Mumbai,Afternoon,one,Night,Hyderabad,Business,7.58,15,45693
Vistara,UK-706,Kolkata,Morning,one,Night,Mumbai,Economy,11.75,38,6731
Air_India,AI-479,Delhi,Night,two_or_more,Night,Kolkata,Economy,26.42,38,9523
Air_India,AI-9015,Delhi,Morning,one,Afternoon,Chennai,Economy,5.42,19,7888
GO_FIRST,G8-283,Bangalore,Early_Morning,two_or_more,Night,Mumbai,Economy,17,24,8944
Vistara,UK-846,Bangalore,Morning,one,Afternoon,Delhi,Economy,6,28,4111
Vistara,UK-829,Delhi,Early_Morning,two_or_more,Evening,Kolkata,Business,12.42,18,72339
Air_India,AI-569,Chennai,Early_Morning,one,Night,Delhi,Economy,14.92,44,3916
Vistara,UK-876,Hyderabad,Night,one,Morning,Delhi,Business,11,32,47395
Air_India,AI-442,Mumbai,Afternoon,one,Morning,Bangalore,Economy,17.33,41,6082
Vistara,UK-860,Hyderabad,Early_Morning,one,Evening,Kolkata,Business,12.58,46,53499
Indigo,6E-2062,Chennai,Evening,zero,Evening,Delhi,Economy,2.58,43,2329
GO_FIRST,G8-365,Mumbai,Early_Morning,one,Morning,Bangalore,Economy,4.67,2,16941
Indigo,6E-752,Hyderabad,Early_Morning,one,Evening,Chennai,Economy,9.5,3,7902
Vistara,UK-824,Chennai,Night,one,Evening,Delhi,Economy,23.33,34,8439
Vistara,UK-899,Delhi,Afternoon,one,Afternoon,Mumbai,Business,23.75,37,41281
Indigo,6E-512,Kolkata,Afternoon,one,Night,Bangalore,Economy,8.42,22,6489
GO_FIRST,G8-329,Mumbai,Early_Morning,one,Night,Kolkata,Economy,15.75,5,7412
Vistara,UK-860,Hyderabad,Early_Morning,one,Night,Mumbai,Business,13.25,9,60555
Indigo,6E-168,Mumbai,Morning,one,Evening,Kolkata,Economy,7.92,26,5843
AirAsia,I5-1229,Chennai,Evening,one,Late_Night,Mumbai,Economy,8.5,26,1830
Air_India,AI-538,Chennai,Night,one,Afternoon,Bangalore,Business,16.17,20,60260
Indigo,6E-2186,Bangalore,Early_Morning,zero,Morning,Delhi,Economy,3,41,4500
Vistara,UK-826,Chennai,Afternoon,one,Early_Morning,Hyderabad,Economy,19.33,5,8391
Vistara,UK-657,Bangalore,Morning,one,Evening,Delhi,Economy,8.33,26,12214
SpiceJet,SG-488,Mumbai,Morning,one,Morning,Bangalore,Economy,21.42,7,15709
Vistara,UK-832,Chennai,Early_Morning,one,Evening,Kolkata,Business,12.67,12,57057
SpiceJet,SG-337,Kolkata,Morning,one,Night,Mumbai,Economy,14.58,32,5746
Vistara,UK-771,Mumbai,Early_Morning,zero,Morning,Kolkata,Business,2.67,8,31436
Indigo,6E-6222,Mumbai,Morning,one,Afternoon,Delhi,Economy,4.25,8,13796
Air_India,AI-640,Bangalore,Early_Morning,one,Evening,Delhi,Economy,12.58,18,4294
Air_India,AI-503,Bangalore,Evening,one,Morning,Mumbai,Business,17.42,43,54684
Vistara,UK-774,Kolkata,Night,one,Morning,Delhi,Economy,13.08,35,7145
Indigo,6E-5347,Chennai,Night,one,Morning,Kolkata,Economy,12,9,9610
Air_India,AI-635,Mumbai,Early_Morning,one,Evening,Hyderabad,Economy,12.25,16,5089
Air_India,AI-840,Hyderabad,Night,one,Evening,Bangalore,Business,19.42,17,56590
Air_India,AI-770,Kolkata,Night,one,Evening,Chennai,Economy,22.5,41,4969
GO_FIRST,G8-789,Kolkata,Morning,one,Night,Mumbai,Economy,12.67,22,5507
Vistara,UK-880,Hyderabad,Afternoon,one,Night,Bangalore,Business,7,20,56702
Vistara,UK-838,Chennai,Night,one,Morning,Kolkata,Business,11.5,5,55377
Air_India,AI-888,Mumbai,Evening,one,Morning,Hyderabad,Economy,16.92,19,4173
GO_FIRST,G8-461,Mumbai,Early_Morning,one,Afternoon,Hyderabad,Economy,9.67,45,6287
Air_India,AI-559,Hyderabad,Early_Morning,one,Night,Mumbai,Business,15.08,34,45883
GO_FIRST,G8-302,Chennai,Early_Morning,one,Afternoon,Delhi,Economy,7.17,29,4827
Vistara,UK-880,Hyderabad,Afternoon,one,Night,Mumbai,Business,7.83,11,60555
SpiceJet,SG-768,Bangalore,Afternoon,one,Night,Kolkata,Economy,5.75,28,4814
Indigo,6E-6021,Kolkata,Afternoon,one,Night,Bangalore,Economy,6.83,33,4211
Air_India,AI-747,Kolkata,Night,one,Morning,Delhi,Economy,9.67,7,13524
Vistara,UK-772,Kolkata,Morning,one,Morning,Bangalore,Business,22.42,12,52287
Vistara,UK-706,Delhi,Afternoon,one,Night,Mumbai,Economy,7.92,4,10575
Vistara,UK-822,Chennai,Morning,one,Evening,Delhi,Business,8.33,17,57920
Vistara,UK-854,Bangalore,Evening,one,Night,Chennai,Economy,4.67,7,9241
Indigo,6E-179,Mumbai,Morning,one,Afternoon,Hyderabad,Economy,4.25,27,4314
GO_FIRST,G8-1171,Delhi,Evening,one,Late_Night,Bangalore,Economy,7.5,46,4205
Indigo,6E-484,Bangalore,Early_Morning,one,Morning,Delhi,Economy,4.75,10,10848
Vistara,UK-871,Delhi,Night,one,Morning,Mumbai,Business,13.42,37,41281
Air_India,AI-864,Mumbai,Early_Morning,one,Early_Morning,Chennai,Economy,25,23,5800
Vistara,UK-928,Mumbai,Early_Morning,one,Night,Bangalore,Economy,16.17,39,6450
Air_India,AI-679,Mumbai,Morning,one,Evening,Chennai,Business,5.83,27,31682
Vistara,UK-830,Hyderabad,Morning,one,Evening,Bangalore,Business,8.5,41,56702
Vistara,UK-875,Mumbai,Evening,one,Afternoon,Delhi,Economy,20.33,46,5232
Vistara,UK-955,Delhi,Evening,one,Morning,Chennai,Business,15.08,38,60232
Air_India,AI-9518,Hyderabad,Night,zero,Night,Bangalore,Economy,1.5,4,4453
AirAsia,I5-547,Kolkata,Evening,zero,Night,Delhi,Economy,2.67,38,3999
Vistara,UK-995,Delhi,Morning,one,Early_Morning,Hyderabad,Business,21.5,23,51697
Indigo,6E-496,Kolkata,Early_Morning,one,Evening,Mumbai,Economy,9.75,41,3381
Air_India,AI-665,Delhi,Early_Morning,one,Early_Morning,Chennai,Economy,23.25,45,3988
Air_India,AI-560,Delhi,Morning,one,Afternoon,Bangalore,Business,6.17,31,35490
Vistara,UK-655,Mumbai,Morning,two_or_more,Evening,Hyderabad,Business,8.42,3,63575
Vistara,UK-851,Mumbai,Early_Morning,one,Afternoon,Delhi,Economy,5.67,43,6122
Vistara,UK-837,Delhi,Evening,zero,Night,Chennai,Economy,2.83,42,2714
GO_FIRST,G8-451,Chennai,Night,one,Early_Morning,Kolkata,Economy,8.42,30,7312
Vistara,UK-944,Mumbai,Afternoon,one,Night,Bangalore,Business,8,10,74880
Air_India,AI-539,Chennai,Evening,one,Morning,Mumbai,Economy,18.25,8,9141
Vistara,UK-975,Delhi,Early_Morning,one,Evening,Kolkata,Business,11.08,30,73481
Vistara,UK-898,Hyderabad,Early_Morning,one,Afternoon,Delhi,Economy,6.5,27,5823
Vistara,UK-940,Mumbai,Evening,one,Evening,Kolkata,Economy,22.33,18,5949
Air_India,AI-616,Hyderabad,Morning,one,Night,Kolkata,Business,15.25,30,48795
Air_India,AI-503,Bangalore,Evening,one,Morning,Kolkata,Economy,15.67,12,13054
Vistara,UK-852,Mumbai,Afternoon,two_or_more,Evening,Kolkata,Economy,7.42,46,9506
Indigo,6E-7156,Hyderabad,Afternoon,one,Night,Delhi,Economy,7.33,48,3243
Vistara,UK-653,Mumbai,Early_Morning,one,Evening,Kolkata,Economy,13.58,22,14021
Vistara,UK-880,Hyderabad,Afternoon,one,Night,Mumbai,Business,9.42,4,69179
Vistara,UK-850,Bangalore,Evening,one,Early_Morning,Hyderabad,Business,11.92,18,37985
GO_FIRST,G8-7535,Delhi,Evening,one,Early_Morning,Chennai,Economy,14.67,33,4896
Vistara,UK-830,Hyderabad,Morning,two_or_more,Evening,Bangalore,Economy,8.5,24,6776
Air_India,AI-687,Mumbai,Afternoon,one,Morning,Kolkata,Economy,16.08,27,5685
AirAsia,I5-1228,Bangalore,Early_Morning,zero,Morning,Chennai,Economy,1,22,1715
Vistara,UK-880,Hyderabad,Afternoon,one,Night,Chennai,Economy,6.83,1,24193
GO_FIRST,G8-713,Delhi,Evening,one,Late_Night,Mumbai,Economy,6.08,31,3330
Vistara,UK-877,Mumbai,Morning,one,Morning,Delhi,Business,22.25,35,41269
GO_FIRST,G8-813,Hyderabad,Early_Morning,one,Evening,Mumbai,Economy,13.83,49,3763
Air_India,AI-807,Delhi,Evening,zero,Night,Bangalore,Business,2.75,3,33979
Vistara,UK-852,Bangalore,Morning,one,Early_Morning,Hyderabad,Business,22.33,33,37985
Air_India,AI-687,Mumbai,Afternoon,one,Night,Hyderabad,Business,7.58,7,45693
GO_FIRST,G8-323,Delhi,Evening,one,Late_Night,Bangalore,Economy,6.17,48,4020
Air_India,AI-636,Delhi,Afternoon,one,Night,Kolkata,Business,9.17,31,53209
AirAsia,I5-589,Bangalore,Evening,one,Night,Kolkata,Economy,5.83,5,8905
SpiceJet,SG-678,Chennai,Early_Morning,zero,Morning,Mumbai,Economy,1.92,41,3000
Vistara,UK-653,Mumbai,Early_Morning,one,Evening,Hyderabad,Economy,11.5,20,8298
Vistara,UK-820,Bangalore,Evening,one,Evening,Hyderabad,Business,23.17,38,56588
Vistara,UK-870,Hyderabad,Night,one,Early_Morning,Mumbai,Business,11.33,6,58315
Air_India,AI-429,Delhi,Morning,one,Evening,Mumbai,Business,8.42,9,63065
Indigo,6E-6137,Chennai,Morning,one,Evening,Mumbai,Economy,9.58,20,5148
Indigo,6E-2248,Hyderabad,Afternoon,one,Night,Kolkata,Economy,8,35,7167
Vistara,UK-850,Bangalore,Evening,one,Morning,Kolkata,Economy,13.75,2,14682
Air_India,AI-616,Hyderabad,Morning,one,Evening,Delhi,Business,9.83,40,39499
Air_India,AI-442,Mumbai,Afternoon,one,Late_Night,Bangalore,Economy,8.58,16,6082
Air_India,AI-610,Bangalore,Evening,one,Evening,Chennai,Economy,47.75,47,7461
AirAsia,I5-1563,Kolkata,Evening,two_or_more,Early_Morning,Chennai,Economy,11.83,2,13014
Vistara,UK-829,Delhi,Early_Morning,one,Evening,Bangalore,Economy,12,18,3662
Indigo,6E-6445,Bangalore,Early_Morning,one,Afternoon,Mumbai,Economy,6.25,44,2201
Air_India,AI-635,Mumbai,Early_Morning,one,Night,Chennai,Business,14.25,12,69407
AirAsia,I5-1563,Kolkata,Evening,two_or_more,Morning,Delhi,Economy,13.17,32,3014
AirAsia,I5-631,Mumbai,Morning,one,Evening,Delhi,Economy,11.75,29,2336
SpiceJet,SG-8152,Mumbai,Early_Morning,one,Morning,Kolkata,Economy,25.75,22,5289
GO_FIRST,G8-426,Hyderabad,Night,zero,Late_Night,Delhi,Economy,2.33,34,2276
Vistara,UK-898,Hyderabad,Early_Morning,one,Evening,Mumbai,Economy,8.83,6,15204
Vistara,UK-834,Chennai,Evening,one,Morning,Kolkata,Business,16.42,19,65457
Air_India,AI-840,Hyderabad,Night,one,Morning,Mumbai,Economy,13.33,14,7774
Vistara,UK-811,Delhi,Early_Morning,one,Morning,Mumbai,Business,5.5,16,53164
Vistara,UK-655,Mumbai,Morning,one,Evening,Delhi,Business,5.25,19,37374
GO_FIRST,G8-327,Mumbai,Early_Morning,one,Night,Hyderabad,Economy,13.83,15,4262
Air_India,AI-804,Bangalore,Early_Morning,one,Evening,Hyderabad,Economy,35.42,49,10090
Indigo,6E-967,Delhi,Evening,one,Night,Bangalore,Economy,5.08,15,3671
Vistara,UK-860,Hyderabad,Early_Morning,one,Night,Mumbai,Economy,16,30,5171
Vistara,UK-846,Bangalore,Morning,one,Evening,Delhi,Business,11.25,12,50361
Indigo,6E-282,Delhi,Morning,zero,Afternoon,Kolkata,Economy,2.17,31,3999
Vistara,UK-958,Mumbai,Afternoon,one,Night,Bangalore,Business,8,34,54608
GO_FIRST,G8-399,Bangalore,Night,zero,Night,Mumbai,Economy,1.92,24,2201
Vistara,UK-706,Kolkata,Morning,two_or_more,Morning,Chennai,Economy,22.58,16,18305
Vistara,UK-899,Delhi,Afternoon,zero,Evening,Hyderabad,Business,2.25,20,24056
GO_FIRST,G8-339,Mumbai,Evening,one,Morning,Bangalore,Economy,14.67,5,5102
Vistara,UK-996,Mumbai,Evening,one,Evening,Hyderabad,Economy,22.5,24,4414
GO_FIRST,G8-371,Mumbai,Evening,one,Late_Night,Delhi,Economy,9.83,42,5805
Vistara,UK-772,Kolkata,Morning,one,Night,Delhi,Economy,12,17,15167
Indigo,6E-2005,Delhi,Morning,one,Afternoon,Chennai,Economy,5.42,1,11993
Vistara,UK-738,Kolkata,Evening,one,Evening,Bangalore,Economy,24.08,26,8111
Vistara,UK-880,Hyderabad,Afternoon,one,Night,Kolkata,Economy,9.33,11,10248
Air_India,AI-430,Chennai,Morning,one,Night,Mumbai,Business,11.33,4,49553
Air_India,AI-732,Kolkata,Afternoon,one,Night,Delhi,Business,7.92,22,32881
Air_India,AI-9547,Bangalore,Evening,one,Late_Night,Delhi,Economy,8.67,19,7017
Vistara,UK-854,Bangalore,Evening,one,Morning,Delhi,Economy,15.25,4,10744
Vistara,UK-902,Mumbai,Afternoon,one,Night,Bangalore,Economy,6.92,23,6450
Indigo,6E-6491,Bangalore,Afternoon,one,Evening,Delhi,Economy,6.83,44,4071
Vistara,UK-637,Delhi,Evening,one,Evening,Hyderabad,Economy,24.33,26,6533
Indigo,6E-384,Chennai,Early_Morning,one,Afternoon,Delhi,Economy,7.33,47,2051
Indigo,6E-954,Delhi,Evening,zero,Night,Chennai,Economy,3,42,2343
Vistara,UK-657,Bangalore,Morning,one,Evening,Kolkata,Business,8.08,26,67094
Vistara,UK-875,Mumbai,Evening,one,Afternoon,Delhi,Economy,17.33,24,5232
Air_India,AI-888,Mumbai,Evening,one,Morning,Kolkata,Economy,14,49,4977
Vistara,UK-834,Chennai,Evening,one,Morning,Mumbai,Business,16.58,30,72065
GO_FIRST,G8-7562,Kolkata,Afternoon,one,Night,Delhi,Economy,11,31,6324
Vistara,UK-879,Delhi,Evening,one,Morning,Bangalore,Economy,15.17,16,3672
Air_India,AI-506,Delhi,Morning,one,Night,Hyderabad,Economy,10.5,46,5950
Vistara,UK-958,Mumbai,Afternoon,one,Night,Bangalore,Economy,10.25,18,6450
Indigo,6E-6086,Mumbai,Late_Night,zero,Late_Night,Kolkata,Economy,2.5,30,4499
Indigo,6E-6217,Chennai,Night,one,Early_Morning,Kolkata,Economy,7.33,46,2359
AirAsia,I5-775,Delhi,Afternoon,two_or_more,Night,Bangalore,Economy,10.92,19,6008
Indigo,6E-939,Mumbai,Morning,one,Evening,Delhi,Economy,7.83,21,3681
Vistara,UK-720,Kolkata,Early_Morning,one,Evening,Mumbai,Business,11.92,44,58111
Vistara,UK-747,Delhi,Early_Morning,one,Afternoon,Mumbai,Economy,6.5,39,7575
GO_FIRST,G8-398,Mumbai,Night,zero,Night,Bangalore,Economy,1.75,41,2124
Indigo,6E-2062,Chennai,Evening,zero,Evening,Delhi,Economy,2.58,37,4808
Indigo,6E-276,Bangalore,Afternoon,one,Night,Delhi,Economy,7.25,30,5483
Air_India,AI-512,Delhi,Afternoon,one,Night,Mumbai,Business,8.92,15,49896
Air_India,AI-770,Kolkata,Night,one,Evening,Mumbai,Economy,23.5,43,5102
Air_India,AI-431,Delhi,Afternoon,one,Evening,Bangalore,Economy,6.92,15,5099
Vistara,UK-854,Bangalore,Evening,one,Late_Night,Delhi,Business,6.5,18,42521
Vistara,UK-954,Mumbai,Early_Morning,one,Night,Chennai,Business,14.25,19,49613
SpiceJet,SG-8185,Delhi,Morning,one,Evening,Bangalore,Economy,7.33,25,4301
Air_India,AI-542,Delhi,Morning,one,Night,Bangalore,Economy,12.5,8,9840
Vistara,UK-812,Bangalore,Morning,one,Evening,Mumbai,Economy,6.75,21,6568
Vistara,UK-850,Bangalore,Evening,one,Late_Night,Delhi,Business,5,19,42521
Indigo,6E-562,Chennai,Evening,one,Night,Mumbai,Economy,6.33,19,4027
Vistara,UK-802,Bangalore,Evening,one,Morning,Kolkata,Business,13.75,14,90160
Indigo,6E-357,Bangalore,Night,one,Early_Morning,Mumbai,Economy,7.67,10,5178
AirAsia,I5-775,Delhi,Afternoon,two_or_more,Night,Bangalore,Economy,11.67,48,3090
Air_India,AI-808,Bangalore,Night,one,Morning,Hyderabad,Economy,13.5,36,6200
Vistara,UK-858,Bangalore,Early_Morning,one,Early_Morning,Hyderabad,Business,25.17,30,37985
GO_FIRST,G8-790,Bangalore,Afternoon,one,Night,Hyderabad,Economy,8.17,20,4801
Vistara,UK-774,Kolkata,Night,one,Afternoon,Delhi,Economy,16.08,40,6461
Air_India,AI-9894,Chennai,Morning,one,Night,Mumbai,Economy,12.75,23,8733
Vistara,UK-879,Delhi,Evening,one,Afternoon,Mumbai,Business,20.83,43,41281
Vistara,UK-953,Delhi,Night,one,Evening,Kolkata,Business,23.25,10,61161
Indigo,6E-6234,Mumbai,Afternoon,one,Evening,Delhi,Economy,3.83,18,2339
GO_FIRST,G8-787,Kolkata,Afternoon,one,Evening,Delhi,Economy,6.25,21,4151
Indigo,6E-6172,Kolkata,Night,one,Early_Morning,Mumbai,Economy,8.42,8,7959
Air_India,AI-430,Chennai,Morning,one,Night,Kolkata,Economy,12.42,2,21948
Indigo,6E-5358,Hyderabad,Early_Morning,zero,Early_Morning,Mumbai,Economy,1.33,4,4611
Air_India,AI-673,Mumbai,Early_Morning,one,Night,Hyderabad,Business,13.33,43,50868
Air_India,AI-698,Hyderabad,Night,one,Afternoon,Kolkata,Business,13.92,41,48795
Vistara,UK-996,Mumbai,Evening,one,Morning,Bangalore,Business,14.17,8,69168
Air_India,AI-640,Bangalore,Early_Morning,one,Night,Delhi,Business,13.67,15,42521
Indigo,6E-5307,Mumbai,Morning,one,Afternoon,Bangalore,Economy,5.17,10,6473
Vistara,UK-706,Kolkata,Morning,one,Night,Hyderabad,Business,10.67,47,67497
Vistara,UK-826,Chennai,Afternoon,one,Night,Kolkata,Economy,10.25,17,9026
AirAsia,I5-972,Bangalore,Evening,two_or_more,Late_Night,Delhi,Economy,8.75,40,2723
Vistara,UK-657,Bangalore,Morning,one,Night,Mumbai,Economy,10.08,13,15154
Indigo,6E-6021,Kolkata,Afternoon,one,Night,Bangalore,Economy,8.92,11,9419
Indigo,6E-356,Bangalore,Evening,one,Night,Mumbai,Economy,6.75,49,3012
Air_India,AI-698,Hyderabad,Night,one,Morning,Delhi,Economy,10.92,18,7117
Vistara,UK-875,Mumbai,Evening,one,Afternoon,Delhi,Economy,20.33,25,5232
Air_India,AI-502,Delhi,Afternoon,one,Morning,Mumbai,Economy,19.08,29,5761
SpiceJet,SG-8207,Delhi,Evening,zero,Night,Chennai,Economy,2.83,15,3251
Vistara,UK-970,Mumbai,Morning,one,Night,Chennai,Economy,11.5,34,4348
Vistara,UK-933,Delhi,Afternoon,one,Early_Morning,Hyderabad,Business,16.33,27,51697
Vistara,UK-944,Mumbai,Afternoon,zero,Evening,Delhi,Business,2.25,2,49916
Indigo,6E-725,Kolkata,Night,zero,Night,Hyderabad,Economy,2.17,48,2603
GO_FIRST,G8-321,Mumbai,Afternoon,zero,Afternoon,Delhi,Economy,2.17,49,2339
Indigo,6E-563,Kolkata,Morning,one,Afternoon,Bangalore,Economy,6.08,33,3860
Air_India,AI-9745,Kolkata,Morning,one,Evening,Delhi,Economy,28.67,8,11739
Vistara,UK-826,Chennai,Afternoon,one,Night,Hyderabad,Business,8.42,31,41064
Vistara,UK-808,Bangalore,Early_Morning,one,Afternoon,Mumbai,Business,7,5,67004
Vistara,UK-774,Kolkata,Night,one,Evening,Delhi,Economy,23.33,27,9353
Vistara,UK-776,Kolkata,Evening,one,Morning,Bangalore,Economy,17.17,49,6295
Vistara,UK-836,Chennai,Morning,one,Morning,Hyderabad,Economy,22.92,22,4086
Air_India,AI-764,Delhi,Evening,one,Night,Mumbai,Economy,27.17,16,7156
Air_India,AI-9643,Delhi,Evening,one,Afternoon,Mumbai,Economy,20.83,29,4023
Air_India,AI-501,Bangalore,Afternoon,one,Night,Mumbai,Economy,7.92,24,6893
GO_FIRST,G8-285,Bangalore,Afternoon,one,Night,Hyderabad,Economy,7.58,14,4337
Vistara,UK-834,Chennai,Evening,one,Night,Bangalore,Economy,6.17,34,6854
Indigo,6E-605,Chennai,Afternoon,zero,Afternoon,Bangalore,Economy,1.08,26,1654
Air_India,AI-538,Chennai,Night,one,Evening,Kolkata,Economy,22.83,15,11231
Vistara,UK-993,Delhi,Afternoon,one,Evening,Bangalore,Business,4.92,18,54777
Air_India,AI-515,Hyderabad,Morning,zero,Morning,Bangalore,Economy,1.17,39,2080
Air_India,AI-9881,Hyderabad,Afternoon,one,Late_Night,Mumbai,Economy,10.92,1,12906
Air_India,AI-639,Mumbai,Morning,zero,Morning,Bangalore,Business,1.67,42,20684
Indigo,6E-289,Delhi,Early_Morning,one,Morning,Chennai,Economy,4.92,40,3389
Indigo,6E-6234,Mumbai,Afternoon,one,Evening,Delhi,Economy,3.83,29,2339
Air_India,AI-625,Mumbai,Morning,one,Night,Delhi,Business,13.5,10,32634
Air_India,AI-429,Delhi,Morning,one,Afternoon,Mumbai,Business,30.08,24,44622
Vistara,UK-930,Mumbai,Early_Morning,one,Evening,Chennai,Economy,8.83,18,5243
Vistara,UK-826,Chennai,Afternoon,one,Evening,Kolkata,Economy,28.33,37,7344
GO_FIRST,G8-504,Hyderabad,Morning,one,Night,Mumbai,Economy,12.92,17,4452
Indigo,6E-6567,Chennai,Afternoon,one,Night,Kolkata,Economy,7.67,20,5042
Vistara,UK-832,Chennai,Early_Morning,one,Night,Bangalore,Business,13.33,47,60260
Vistara,UK-870,Hyderabad,Night,one,Evening,Mumbai,Business,22.5,43,60410
Air_India,AI-570,Mumbai,Early_Morning,one,Afternoon,Kolkata,Economy,8.58,12,10668
Air_India,AI-635,Mumbai,Early_Morning,one,Evening,Hyderabad,Economy,12.25,39,4593
Air_India,AI-441,Delhi,Evening,one,Night,Mumbai,Economy,3.75,35,2476
Vistara,UK-878,Hyderabad,Afternoon,one,Night,Delhi,Economy,7.75,15,10123
Vistara,UK-954,Mumbai,Early_Morning,one,Evening,Bangalore,Business,11,43,54608
SpiceJet,SG-8158,Mumbai,Evening,zero,Night,Delhi,Economy,2.42,9,5943
Air_India,AI-698,Hyderabad,Night,one,Afternoon,Kolkata,Business,13.92,11,48795
Vistara,UK-808,Bangalore,Early_Morning,one,Night,Hyderabad,Economy,14.92,39,6133
Vistara,UK-826,Chennai,Afternoon,one,Late_Night,Delhi,Business,12.42,44,45600
Indigo,6E-6113,Chennai,Afternoon,one,Night,Hyderabad,Economy,5.92,32,1105
Vistara,UK-706,Kolkata,Morning,one,Evening,Hyderabad,Business,9.58,49,52175
Vistara,UK-953,Delhi,Night,one,Early_Morning,Hyderabad,Business,11.17,16,39377
Vistara,UK-852,Bangalore,Morning,one,Evening,Delhi,Business,10.25,18,50361
Vistara,UK-778,Kolkata,Afternoon,one,Night,Mumbai,Business,6.67,45,70431
Vistara,UK-812,Bangalore,Morning,one,Night,Mumbai,Economy,13.08,49,6568
Vistara,UK-996,Mumbai,Evening,one,Evening,Kolkata,Business,25.08,41,80861
GO_FIRST,G8-227,Kolkata,Early_Morning,one,Afternoon,Mumbai,Economy,9.58,19,5888
Vistara,UK-927,Delhi,Morning,zero,Morning,Mumbai,Business,2.08,5,28872
Air_India,AI-507,Bangalore,Early_Morning,one,Night,Delhi,Economy,16.5,44,3674
Vistara,UK-878,Hyderabad,Afternoon,one,Night,Delhi,Economy,10.08,24,5656
Vistara,UK-828,Chennai,Early_Morning,two_or_more,Night,Hyderabad,Economy,37.92,36,6015
Indigo,6E-6067,Bangalore,Evening,one,Night,Kolkata,Economy,6.33,34,3393
Air_India,AI-773,Kolkata,Evening,one,Morning,Delhi,Business,17,42,53743
Vistara,UK-708,Kolkata,Night,one,Morning,Bangalore,Economy,12.25,39,8111
Air_India,AI-543,Hyderabad,Morning,one,Morning,Kolkata,Economy,21.67,35,5209
Vistara,UK-866,Bangalore,Night,one,Evening,Kolkata,Business,19.17,20,51817
Vistara,UK-945,Delhi,Morning,one,Night,Chennai,Economy,11.42,13,11520
Indigo,6E-2719,Delhi,Early_Morning,one,Afternoon,Chennai,Economy,8.75,46,3389
Vistara,UK-933,Delhi,Afternoon,one,Night,Chennai,Business,7.58,11,57992
Vistara,UK-857,Mumbai,Night,one,Morning,Delhi,Business,13.67,42,53152
Air_India,AI-440,Chennai,Early_Morning,one,Night,Mumbai,Economy,15.42,30,5092
Vistara,UK-818,Bangalore,Evening,one,Morning,Hyderabad,Economy,14,5,11205
Indigo,6E-6202,Delhi,Morning,zero,Afternoon,Mumbai,Economy,2.17,27,3001
Air_India,AI-660,Mumbai,Evening,one,Morning,Kolkata,Economy,14.08,44,5685
Vistara,UK-996,Mumbai,Evening,one,Evening,Kolkata,Business,23.58,43,64285
Vistara,UK-812,Bangalore,Morning,one,Evening,Hyderabad,Economy,7.25,24,6892
GO_FIRST,G8-363,Mumbai,Night,one,Morning,Delhi,Economy,11.17,37,3324
Vistara,UK-834,Chennai,Evening,one,Evening,Kolkata,Business,26.42,42,57057
Vistara,UK-830,Hyderabad,Morning,one,Evening,Bangalore,Business,8.5,15,56702
Air_India,AI-773,Kolkata,Evening,two_or_more,Morning,Hyderabad,Economy,18.67,42,7176
Vistara,UK-866,Bangalore,Night,one,Night,Chennai,Economy,25.42,25,4672
Indigo,6E-793,Hyderabad,Evening,one,Late_Night,Mumbai,Economy,8.58,26,3610
Vistara,UK-833,Delhi,Early_Morning,one,Afternoon,Mumbai,Business,7.33,15,51384
Vistara,UK-927,Delhi,Morning,zero,Morning,Mumbai,Business,2.08,2,44328
Indigo,6E-654,Delhi,Evening,zero,Night,Bangalore,Economy,2.92,31,4500
Air_India,AI-560,Delhi,Morning,one,Morning,Bangalore,Business,26.58,38,35490
AirAsia,I5-548,Delhi,Early_Morning,zero,Early_Morning,Kolkata,Economy,2.42,27,3999
Indigo,6E-2181,Delhi,Morning,one,Evening,Kolkata,Economy,8.08,12,6932
Air_India,AI-481,Delhi,Morning,two_or_more,Night,Hyderabad,Economy,36.92,14,9831
SpiceJet,SG-8941,Delhi,Afternoon,one,Night,Hyderabad,Economy,5.92,40,9971
Vistara,UK-995,Delhi,Morning,one,Evening,Chennai,Business,9.58,26,57992
SpiceJet,SG-8701,Delhi,Early_Morning,one,Night,Chennai,Economy,14.42,46,4942
Air_India,AI-809,Mumbai,Morning,zero,Afternoon,Delhi,Economy,2.25,47,2464
Vistara,UK-653,Mumbai,Early_Morning,one,Evening,Delhi,Economy,13.83,21,8246
Vistara,UK-994,Mumbai,Morning,one,Evening,Bangalore,Economy,6.58,43,6450
Vistara,UK-902,Mumbai,Afternoon,one,Morning,Bangalore,Business,16.92,14,92772
Vistara,UK-928,Mumbai,Early_Morning,one,Evening,Kolkata,Economy,12.58,4,21273
Indigo,6E-5343,Mumbai,Night,zero,Late_Night,Kolkata,Economy,2.5,26,4499
Vistara,UK-857,Mumbai,Night,one,Morning,Hyderabad,Economy,12.08,48,3334
Air_India,AI-660,Mumbai,Evening,one,Evening,Hyderabad,Economy,25.33,19,4593
Vistara,UK-996,Mumbai,Evening,one,Evening,Chennai,Economy,21.83,19,4348
AirAsia,I5-942,Mumbai,Afternoon,one,Evening,Chennai,Economy,4.33,13,5939
Indigo,6E-469,Bangalore,Afternoon,one,Night,Delhi,Economy,5.58,48,4071
Vistara,UK-657,Bangalore,Morning,one,Evening,Delhi,Business,5,21,45097
Vistara,UK-808,Bangalore,Early_Morning,one,Evening,Mumbai,Business,11.08,36,62524
Vistara,UK-850,Bangalore,Evening,zero,Night,Mumbai,Economy,1.92,5,5179
Vistara,UK-850,Bangalore,Evening,one,Evening,Kolkata,Business,24,3,63577
Vistara,UK-820,Bangalore,Evening,one,Evening,Kolkata,Economy,24.25,3,11205
Indigo,6E-841,Bangalore,Afternoon,one,Night,Hyderabad,Economy,7.5,40,1694
Indigo,6E-886,Bangalore,Morning,zero,Morning,Hyderabad,Economy,1.33,16,2343
Vistara,UK-854,Bangalore,Evening,one,Night,Chennai,Business,4.67,49,44280
SpiceJet,SG-4009,Bangalore,Early_Morning,zero,Early_Morning,Chennai,Economy,1.08,38,1606
Vistara,UK-778,Kolkata,Afternoon,zero,Evening,Delhi,Business,2.42,28,28510
Indigo,6E-893,Kolkata,Morning,one,Evening,Delhi,Economy,7.08,37,7382
Vistara,UK-706,Kolkata,Morning,one,Night,Mumbai,Business,10,21,81284
Indigo,6E-6214,Kolkata,Morning,zero,Afternoon,Mumbai,Economy,2.92,34,4499
GO_FIRST,G8-537,Kolkata,Evening,one,Night,Bangalore,Economy,7.25,43,7031
Vistara,UK-778,Kolkata,Afternoon,one,Morning,Bangalore,Business,17.33,38,60978
Vistara,UK-720,Kolkata,Early_Morning,one,Night,Hyderabad,Economy,15.75,23,5632
Vistara,UK-706,Kolkata,Morning,one,Evening,Hyderabad,Business,9.67,9,62255
Vistara,UK-708,Kolkata,Night,one,Evening,Chennai,Business,19.92,30,73903
Vistara,UK-708,Kolkata,Night,one,Night,Chennai,Economy,23.83,24,6009
SpiceJet,SG-390,Hyderabad,Night,zero,Night,Delhi,Economy,2.08,8,6133
Air_India,AI-698,Hyderabad,Night,one,Afternoon,Delhi,Business,14,16,39499
Air_India,AI-543,Hyderabad,Morning,one,Night,Mumbai,Business,9.92,30,45883
Air_India,AI-541,Hyderabad,Evening,one,Evening,Mumbai,Economy,25.17,5,12499
Vistara,UK-860,Hyderabad,Early_Morning,one,Night,Bangalore,Economy,16.5,40,6461
AirAsia,I5-1518,Hyderabad,Evening,zero,Night,Bangalore,Economy,1.17,37,1776
Vistara,UK-876,Hyderabad,Night,one,Morning,Kolkata,Business,12.08,45,48851
Vistara,UK-876,Hyderabad,Night,one,Evening,Kolkata,Economy,22.33,17,7767
Air_India,AI-543,Hyderabad,Morning,one,Morning,Chennai,Business,21.58,16,51595
Vistara,UK-870,Hyderabad,Night,one,Evening,Chennai,Business,19.75,25,51707
Vistara,UK-828,Chennai,Early_Morning,one,Night,Delhi,Business,14.92,10,68112
AirAsia,I5-1531,Chennai,Night,one,Late_Night,Delhi,Economy,5.33,33,2477
Indigo,6E-927,Chennai,Afternoon,one,Evening,Mumbai,Economy,5.92,31,3754
AirAsia,I5-1228,Chennai,Morning,one,Night,Mumbai,Economy,13.33,6,9141
AirAsia,I5-821,Chennai,Night,zero,Night,Bangalore,Economy,1.17,15,3363
Vistara,UK-836,Chennai,Morning,two_or_more,Night,Bangalore,Economy,11.92,27,6437
AirAsia,I5-517,Chennai,Morning,one,Afternoon,Kolkata,Economy,3.75,28,4656
Vistara,UK-838,Chennai,Night,one,Evening,Kolkata,Business,22.5,23,57057
Vistara,UK-836,Chennai,Morning,one,Night,Hyderabad,Economy,12.17,21,4086
Vistara,UK-832,Chennai,Early_Morning,one,Morning,Hyderabad,Business,26.33,47,51457
